{"cameraMode":{"drawMode":0,"name":"Shaded","section":"Shading Mode"},"sceneLighting":true,"audioPlay":false,"sceneViewState":{"m_AlwaysRefresh":false,"showFog":true,"showSkybox":true,"showFlares":true,"showImageEffects":true,"showParticleSystems":true,"showVisualEffectGraphs":true,"m_FxEnabled":true},"in2DMode":false,"pivot":{"x":2.9002509117126467,"y":-30.24224853515625,"z":51.95903778076172},"rotation":{"x":-0.24781249463558198,"y":-0.05346385017037392,"z":0.013699604198336602,"w":-0.9672446846961975},"size":43.04889678955078,"orthographic":false}